the Best Ski Resort in Austria - POV beautiful skiing route in Badgastein Salzburg - GoPro3-VZmsB0TPL4I,1
"Val Thorens skiing 2013, day 2-xNws9MIUpCg",2
Aspen Mountain Colorado Skiing St Patties Day Movie March 17 2013 Helmet Cam-cuMW-VUR1y0,3
"Snowboarding at Mt. Hood Meadows, Oregon 12_31_2011 (Head Cam)-JTYjKIRKkrw",4
"Val Thorens skiing 2013, day 5-hQlAMcAF-hU",5
"Val Thorens skiing 2013, day 3-Vsc1p5Z7qa0",6
Aspen Skiing May 3 2014 Long Version-GZCE4lhuMrc,7
"Snowboarding at Snowbasin, Utah 12_29_2011 (Helmet Cam)-Edqhrd_smWw",8
"Val Thorens skiing 2013, day 4-PxWj28M8X2w",9
Caveman run Valkenburg. go pro headcam-VX683XSNz8E.mp4.,1
Ayala Triangle Run with GoPro Hero 3+ Black Edition-WbWnWojOtIs,2
Zombie Run W_ GoPro-hRTIriXBoQQ,3
helmet cam running barr trail-ZXgNHYaOLBk,4
UTS GoPro Teaser-I6gbmZhSxLU,1
"gopro 3 test. kickboxing, light sparring-6kDWXla9bMU",2
GoPro Sparring-11fFkD-NmLI,3
Boxing pad work with GoPro Hero 3+-RTor5p43USc,4
Muay Thai POV _ GoPro-03eB40P-gnc,5
Boxing + GoPro Hero 3 plus black-U2nqEZHKpho,6
Fighter's Eyes - Thai Long Muay Long-GPsANNge_Fs,7
GoPro Hero 2 Sparring Test-nQfQWjWkDcs,8
Donald - Boxing Trainer 2 P.O.V. March 16_13-4n8lJuoYwVk,9
GoPro FIGHT first person sparring rd1_2_3-p5eIrQPV4hY,10
UTS Boxing for MMA Class GoPro Hero 3-HVtVpkkYGn0,11
GoPro MMA Training-g9bODUO86gw.,12
GoPro 2 Boxing HD-20BfqcyoboM,13
John Wayne Parr Pad Session with Adrian - GoPro Muay Thai - 720p HD-3_j6HIHxWy0,14
POV Boxing Match in Garage-Y259zuzQ63o.,15
Mike Bourne POV  training with Ross Woolgrove-8MYEl-Qgsbs,16
GoPro Sparring two rounds-HXrjtdw8Xfk,17
GoPro Boxing-OcDYpCF3Lqc,18
POV Boxing-g6nOQwgYH3I.,19
Keoni & Jared Sparring with the GoPro Hero 2-t6fZDM5r23c,20
THT Sparring Dakota & Johnathan-n77Orxrmlvw,21
Charn Chai Muay Thai GoPro-gCsPzyhBxDY,22
Boxing training with Go Pro 3-BCTxmuIjnFU,23
POV sparring round-3oz2RRAriNU,24
International Moth Sailing - Headcam - Hill Head-2858-_1lXZw,1
Hobie Cat 16 Spi Sailing (Headcam)-KUc-5Fsq2rk,2
29er Sailing Melbourne-EuOmUCMolsU,3
29er sailing Headcam-2g8LHi8bW6M,4
RS700 Sailing Headcam-YB1WZ9uelZ4,5
29er headcam sailing-Qzub6gx4bEo,6
GoPro - 49er Sailing-p0vlncvXiCM,7
49er Sailing Headcam San Francisco OurRoadToRio.com-EaYmRWNbJN8,8
Moth sailing (headcam)-E3Y9tiZ4FmU,9
29er Sailing 2013-sBfUqCKbR08,10
Sailing Fugu on Deer Creek-hujaJxUu_Gg,11
49er Headcam Sailing-qI_2DY_gGQs,12
49er Sailing Gopro Headcam-M3C5P2AjcLM,13
Gold Coast Moth Sailing-e856tFJlSJY,14
GoPro Head Cam Sailing. Nacra 5.8  - Skrillex - Hey Sexy Lady-Cdv3Xuot2hk,15
Horseback riding in the Norwegian mountains - Friday-spLPTu7BPJI,1
Horseback Riding GoPro Hero-o8hUsAd1TrI,2
GoPro Winter Horse Trail Ride!-ErLlVKvMFcE,3
Horseback riding in the Norwegian mountains - Tuesday part1-NPyteemR6fA,4
GoPro - Horseback Riding with my Mom-nB2AP0KTZH0,5
Horseback riding in the Norwegian mountains - Saturday-9ToqcVjSnRc,6
Horseback riding in the Norwegian mountains - Tuesday part2-iWMvkYxBma0,7
Horseback riding in the Norwegian mountains - Monday part2-oiezhbSmGvk,8
GoPro Ride #1 - Bareback through Vagle Forest-UB1ibUXfUgg,9
Mountain Biking Asia - GoPro HD-NbYJP_3tRrM.,1
Alviano To Oriveto - Guide's GoPro Hero 3 Head Mount - 2-gfsJZOwoAQA,2
Over The Hump Race 2012 Mountain Biking HD GoPro HeroHD-gIhLsunLK6c,3
gopro helmet camera Biking at the Georgia International Horse park-RJzgIVVxy0g,4
"Friday evening, motorcycle ride in London _ GoPro-mXpSECdVnqk",5
2008 Scott Firefighter Stairclimb - pt 1-FE8w8K7qb9E.,1
2013 American Lung Association Fight For Air stair climb helmet cam footage-Nf4KIvSEG4I,2
Scott Health & Safety Firefighter Stairclimb Seattle 2012-JryvV6mYfW8,3
Seattle Stairclimb 2013-k0N5YUrfjdY,4
2014 Griffins Scott Firefighter Stairclimb-Es1mczk7NuE,5
"Big Climb 2012 - Columbia Center, Seattle WA-k2RsXpj_HLU",6
2008 Scott Firefighter Stairclimb - pt 2-CENfrlDQR2A.,7
20th Annual 2011 Scott Firefighter Stairclimb Helmet Cam-dT6yqKW3WLY,8
Willis Tower SkyRise Chicago 2011 - Uncut Stair Climb-30FYvYRoSNc.,9
